{
    "mae": 7.954703965423039,
    "mse": 197.91514224893635,
    "rmse": 14.06823166744621,
    "r2": 0.7641068476635375
}